{
    "root_group": {
        "name": "",
        "path": "",
        "id": "d41d8cd98f00b204e9800998ecf8427e",
        "groups": {},
        "checks": {
                "csrf 200": {
                    "fails": 2813,
                    "name": "csrf 200",
                    "path": "::csrf 200",
                    "id": "a070d383222dd91075e31e8f0063e68f",
                    "passes": 411
                },
                "submit 202": {
                    "name": "submit 202",
                    "path": "::submit 202",
                    "id": "54ebcf286b442af5165b104f2ae6ffa7",
                    "passes": 8492,
                    "fails": 1
                }
            }
    },
    "metrics": {
        "http_req_duration": {
            "p(95)": 4996.366951399999,
            "avg": 1368.0362451036144,
            "min": 0,
            "med": 1326.92191,
            "max": 5138.280457,
            "p(90)": 2871.9218091999983,
            "thresholds": {
                "p(95)<3000": true
            }
        },
        "data_sent": {
            "count": 3877937,
            "rate": 43084.3523010386
        },
        "iteration_duration": {
            "p(90)": 5005.457225,
            "p(95)": 5009.6202029999995,
            "avg": 2222.483292548472,
            "min": 18.342737,
            "med": 1502.4221625,
            "max": 6488.400273
        },
        "checks": {
            "passes": 8903,
            "fails": 2814,
            "value": 0.7598361355295724
        },
        "http_req_waiting": {
            "min": 0,
            "med": 1323.712826,
            "max": 5138.09474,
            "p(90)": 2863.5400486,
            "p(95)": 4994.1373048,
            "avg": 1365.4763507712746
        },
        "data_received": {
            "count": 11086397,
            "rate": 123171.22070244499
        },
        "dropped_iterations": {
            "count": 393,
            "rate": 4.366277857094679
        },
        "http_req_failed": {
            "passes": 2814,
            "fails": 8903,
            "thresholds": {
                "rate<0.03": true
            },
            "value": 0.2401638644704276
        },
        "iterations": {
            "count": 11306,
            "rate": 125.61103677433191
        },
        "vus_max": {
            "max": 489,
            "value": 489,
            "min": 200
        },
        "vus": {
            "value": 0,
            "min": 0,
            "max": 486
        },
        "http_req_connecting": {
            "med": 0,
            "max": 4193.087042,
            "p(90)": 0.40834859999999995,
            "p(95)": 4.446237999999973,
            "avg": 89.09916050874799,
            "min": 0
        },
        "http_reqs": {
            "count": 11717,
            "rate": 130.1772968233546
        },
        "http_req_blocked": {
            "avg": 115.49444111649716,
            "min": 0,
            "med": 0.018977,
            "max": 4193.228758,
            "p(90)": 1.1268572,
            "p(95)": 394.28031759999527
        },
        "http_req_sending": {
            "avg": 1.6774815672100378,
            "min": 0,
            "med": 0.077281,
            "max": 2269.843477,
            "p(90)": 1.9898875999999996,
            "p(95)": 5.157196999999987
        },
        "http_req_tls_handshaking": {
            "avg": 0,
            "min": 0,
            "med": 0,
            "max": 0,
            "p(90)": 0,
            "p(95)": 0
        },
        "http_req_duration{expected_response:true}": {
            "min": 2.586131,
            "med": 1344.06343,
            "max": 4969.32633,
            "p(90)": 1689.5504804,
            "p(95)": 1782.3701305,
            "avg": 1224.8378846878538
        },
        "http_req_receiving": {
            "p(90)": 1.5963291999999991,
            "p(95)": 3.314489999999994,
            "avg": 0.8824127651275973,
            "min": 0,
            "med": 0.175297,
            "max": 155.403464
        }
    }
}