{
    "root_group": {
        "id": "d41d8cd98f00b204e9800998ecf8427e",
        "groups": {},
        "checks": {
                "csrf 200": {
                    "name": "csrf 200",
                    "path": "::csrf 200",
                    "id": "a070d383222dd91075e31e8f0063e68f",
                    "passes": 178,
                    "fails": 5013
                },
                "submit 202": {
                    "path": "::submit 202",
                    "id": "54ebcf286b442af5165b104f2ae6ffa7",
                    "passes": 9139,
                    "fails": 0,
                    "name": "submit 202"
                }
            },
        "name": "",
        "path": ""
    },
    "metrics": {
        "http_req_duration": {
            "avg": 1524.9359524209988,
            "min": 0,
            "med": 428.2820445,
            "max": 5181.719908,
            "p(90)": 5000.2376856,
            "p(95)": 5001.8439952,
            "thresholds": {
                "p(95)<1500": true
            }
        },
        "http_req_failed": {
            "fails": 9317,
            "passes": 5013,
            "thresholds": {
                "rate<0.01": true
            },
            "value": 0.3498255408234473
        },
        "http_req_blocked": {
            "p(95)": 2045.0900022,
            "avg": 220.37975270425733,
            "min": 0,
            "med": 0.021240000000000002,
            "max": 4227.086641,
            "p(90)": 1014.5435292000001
        },
        "data_received": {
            "count": 11599734,
            "rate": 94094.02210993189
        },
        "vus_max": {
            "value": 324,
            "min": 120,
            "max": 324
        },
        "http_req_tls_handshaking": {
            "p(90)": 0,
            "p(95)": 0,
            "avg": 0,
            "min": 0,
            "med": 0,
            "max": 0
        },
        "http_req_duration{expected_response:true}": {
            "med": 245.83505,
            "max": 4877.46211,
            "p(90)": 716.1613593999999,
            "p(95)": 878.0422553999998,
            "avg": 356.17075192154346,
            "min": 20.42326
        },
        "checks": {
            "fails": 5013,
            "passes": 9317,
            "value": 0.6501744591765527
        },
        "http_req_connecting": {
            "max": 4226.911836,
            "p(90)": 1006.8579412,
            "p(95)": 2040.7992412999997,
            "avg": 207.46722890621126,
            "min": 0,
            "med": 0
        },
        "http_req_waiting": {
            "p(90)": 4999.8436257,
            "p(95)": 5001.51630265,
            "avg": 1522.1387022938557,
            "min": 0,
            "med": 426.717124,
            "max": 5181.323465
        },
        "http_req_receiving": {
            "p(95)": 2.4152400499999973,
            "avg": 0.5444714602233073,
            "min": 0,
            "med": 0.1742765,
            "max": 96.367612,
            "p(90)": 1.1385735000000006
        },
        "dropped_iterations": {
            "count": 239,
            "rate": 1.9387057741387623
        },
        "iteration_duration": {
            "avg": 2021.8292362675988,
            "min": 40.498577,
            "med": 538.1897415,
            "max": 5678.455611,
            "p(90)": 5006.0681845,
            "p(95)": 5009.21463805
        },
        "http_reqs": {
            "rate": 116.24122905191825,
            "count": 14330
        },
        "vus": {
            "value": 24,
            "min": 24,
            "max": 309
        },
        "http_req_sending": {
            "avg": 2.252778666922533,
            "min": 0,
            "med": 0.10580300000000001,
            "max": 4225.507604,
            "p(90)": 1.7640405000000006,
            "p(95)": 3.565816249999998
        },
        "iterations": {
            "count": 14152,
            "rate": 114.79733939586512
        },
        "data_sent": {
            "count": 4373548,
            "rate": 35477.08268231396
        }
    }
}