{
    "root_group": {
        "name": "",
        "path": "",
        "id": "d41d8cd98f00b204e9800998ecf8427e",
        "groups": {},
        "checks": {
                "csrf 200": {
                    "id": "a070d383222dd91075e31e8f0063e68f",
                    "passes": 40,
                    "fails": 0,
                    "name": "csrf 200",
                    "path": "::csrf 200"
                },
                "submit 202": {
                    "path": "::submit 202",
                    "id": "54ebcf286b442af5165b104f2ae6ffa7",
                    "passes": 4801,
                    "fails": 0,
                    "name": "submit 202"
                }
            }
    },
    "metrics": {
        "http_req_failed": {
            "passes": 0,
            "fails": 4841,
            "thresholds": {
                "rate<0.01": false
            },
            "value": 0
        },
        "http_req_waiting": {
            "max": 159.23393,
            "p(90)": 18.993433,
            "p(95)": 25.945075,
            "avg": 11.424736707085358,
            "min": 2.771066,
            "med": 7.336606
        },
        "http_req_blocked": {
            "avg": 0.018421782482958067,
            "min": 0.004854,
            "med": 0.009911,
            "max": 1.678582,
            "p(90)": 0.020879,
            "p(95)": 0.027121
        },
        "vus": {
            "value": 0,
            "min": 0,
            "max": 6
        },
        "http_reqs": {
            "count": 4841,
            "rate": 40.33541803580305
        },
        "data_sent": {
            "count": 2113799,
            "rate": 17612.263232526846
        },
        "http_req_duration": {
            "med": 7.605345,
            "max": 159.601222,
            "p(90)": 19.564335,
            "p(95)": 26.42075,
            "avg": 11.788841891138183,
            "min": 3.145445,
            "thresholds": {
                "p(95)<1500": false
            }
        },
        "checks": {
            "passes": 4841,
            "fails": 0,
            "value": 1
        },
        "http_req_tls_handshaking": {
            "min": 0,
            "med": 0,
            "max": 0,
            "p(90)": 0,
            "p(95)": 0,
            "avg": 0
        },
        "http_req_duration{expected_response:true}": {
            "med": 7.605345,
            "max": 159.601222,
            "p(90)": 19.564335,
            "p(95)": 26.42075,
            "avg": 11.788841891138183,
            "min": 3.145445
        },
        "iterations": {
            "count": 4801,
            "rate": 40.00213633337956
        },
        "http_req_receiving": {
            "avg": 0.28749283598430025,
            "min": 0.094206,
            "med": 0.21289,
            "max": 14.048778,
            "p(90)": 0.314436,
            "p(95)": 0.460516
        },
        "iteration_duration": {
            "med": 18.408424,
            "max": 171.353342,
            "p(90)": 31.991022,
            "p(95)": 39.065067,
            "avg": 23.05308283190996,
            "min": 17.261335
        },
        "vus_max": {
            "value": 40,
            "min": 40,
            "max": 40
        },
        "data_received": {
            "count": 6026644,
            "rate": 50214.25430550801
        },
        "http_req_connecting": {
            "p(95)": 0,
            "avg": 0.0035280006197066713,
            "min": 0,
            "med": 0,
            "max": 1.368421,
            "p(90)": 0
        },
        "http_req_sending": {
            "p(95)": 0.144556,
            "avg": 0.07661234806858064,
            "min": 0.017861,
            "med": 0.047867,
            "max": 4.553268,
            "p(90)": 0.096913
        }
    }
}