{
    "metrics": {
        "iterations": {
            "count": 36000,
            "rate": 59.99972536475708
        },
        "data_received": {
            "count": 45008750,
            "rate": 75014.23997252806
        },
        "http_req_connecting": {
            "max": 17.576367,
            "p(90)": 0,
            "p(95)": 0,
            "avg": 0.00738647923119469,
            "min": 0,
            "med": 0
        },
        "vus": {
            "value": 1,
            "min": 1,
            "max": 38
        },
        "iteration_duration": {
            "p(95)": 108.5869208999997,
            "avg": 37.83620865925018,
            "min": 17.020227,
            "med": 19.3297005,
            "max": 1578.189607,
            "p(90)": 69.35080350000003
        },
        "http_req_failed": {
            "passes": 0,
            "fails": 36160,
            "thresholds": {
                "rate<0.01": false
            },
            "value": 0
        },
        "http_req_waiting": {
            "avg": 25.410224156830385,
            "min": 2.118232,
            "med": 7.418517,
            "max": 1457.264524,
            "p(90)": 56.360294400000065,
            "p(95)": 96.46396444999995
        },
        "http_req_duration{expected_response:true}": {
            "min": 2.325401,
            "med": 7.7469025,
            "max": 1457.727603,
            "p(90)": 57.13446700000001,
            "p(95)": 97.28366169999939,
            "avg": 25.919725909734552
        },
        "http_req_tls_handshaking": {
            "avg": 0,
            "min": 0,
            "med": 0,
            "max": 0,
            "p(90)": 0,
            "p(95)": 0
        },
        "http_req_receiving": {
            "max": 23.006418,
            "p(90)": 0.4818399000000002,
            "p(95)": 1.1613863999999976,
            "avg": 0.3842622728982304,
            "min": 0.036832,
            "med": 0.243801
        },
        "http_req_duration": {
            "max": 1457.727603,
            "p(90)": 57.13446700000001,
            "p(95)": 97.28366169999939,
            "avg": 25.919725909734552,
            "min": 2.325401,
            "med": 7.7469025,
            "thresholds": {
                "p(95)<1500": false
            }
        },
        "vus_max": {
            "value": 80,
            "min": 80,
            "max": 80
        },
        "checks": {
            "passes": 36160,
            "fails": 0,
            "value": 1
        },
        "data_sent": {
            "count": 15874762,
            "rate": 26457.81556196894
        },
        "http_reqs": {
            "rate": 60.26639081082267,
            "count": 36160
        },
        "http_req_blocked": {
            "avg": 0.033727168584070655,
            "min": 0.004056,
            "med": 0.011048,
            "max": 24.107993,
            "p(90)": 0.022762,
            "p(95)": 0.03190224999999998
        },
        "http_req_sending": {
            "max": 25.040909,
            "p(90)": 0.11899520000000001,
            "p(95)": 0.3211821499999975,
            "avg": 0.12523948000553167,
            "min": 0.013626,
            "med": 0.0498055
        }
    },
    "root_group": {
        "name": "",
        "path": "",
        "id": "d41d8cd98f00b204e9800998ecf8427e",
        "groups": {},
        "checks": {
                "csrf 200": {
                    "name": "csrf 200",
                    "path": "::csrf 200",
                    "id": "a070d383222dd91075e31e8f0063e68f",
                    "passes": 160,
                    "fails": 0
                },
                "submit 202": {
                    "passes": 36000,
                    "fails": 0,
                    "name": "submit 202",
                    "path": "::submit 202",
                    "id": "54ebcf286b442af5165b104f2ae6ffa7"
                }
            }
    }
}