{
    "metrics": {
        "http_req_tls_handshaking": {
            "avg": 0,
            "min": 0,
            "med": 0,
            "max": 0,
            "p(90)": 0,
            "p(95)": 0
        },
        "http_req_failed": {
            "passes": 4080,
            "fails": 7349,
            "thresholds": {
                "rate<0.03": true
            },
            "value": 0.3569866130020124
        },
        "vus_max": {
            "value": 626,
            "min": 200,
            "max": 626
        },
        "http_req_blocked": {
            "p(95)": 2038.911803,
            "avg": 183.7026845199056,
            "min": 0,
            "med": 0.018643,
            "max": 4410.722314,
            "p(90)": 4.165113200000026
        },
        "http_req_sending": {
            "p(95)": 7.879100200000009,
            "avg": 1.5539393434246216,
            "min": 0,
            "med": 0.080411,
            "max": 228.625413,
            "p(90)": 2.964608800000023
        },
        "checks": {
            "passes": 7349,
            "fails": 4080,
            "value": 0.6430133869979876
        },
        "iteration_duration": {
            "min": 24.802556,
            "med": 2013.7331965,
            "max": 7788.776626,
            "p(90)": 5008.261120200001,
            "p(95)": 5014.380871699999,
            "avg": 2799.3042348993827
        },
        "http_req_receiving": {
            "min": 0,
            "med": 0.146303,
            "max": 65.819528,
            "p(90)": 1.5801910000000012,
            "p(95)": 3.5418372000000002,
            "avg": 0.7754258016449408
        },
        "http_req_waiting": {
            "max": 5122.43672,
            "p(90)": 3934.6067822000005,
            "p(95)": 4998.5424944,
            "avg": 1443.9731349835517,
            "min": 0,
            "med": 1271.813706
        },
        "dropped_iterations": {
            "count": 697,
            "rate": 7.744241816959633
        },
        "http_reqs": {
            "count": 11429,
            "rate": 126.98556632142274
        },
        "http_req_duration{expected_response:true}": {
            "med": 1413.917288,
            "max": 4982.321067,
            "p(90)": 2348.2817968,
            "p(95)": 2568.9235871999995,
            "avg": 1393.7276890234045,
            "min": 3.552375
        },
        "data_received": {
            "count": 9151813,
            "rate": 101684.15055322065
        },
        "data_sent": {
            "count": 3214498,
            "rate": 35715.7099456716
        },
        "vus": {
            "max": 612,
            "value": 21,
            "min": 0
        },
        "http_req_duration": {
            "avg": 1446.30250012862,
            "min": 0,
            "med": 1276.083355,
            "max": 5124.942503,
            "p(90)": 3938.1226264,
            "p(95)": 4999.3235716,
            "thresholds": {
                "p(95)<3000": true
            }
        },
        "http_req_connecting": {
            "avg": 145.05059485615558,
            "min": 0,
            "med": 0,
            "max": 4251.457442,
            "p(90)": 1.1330344000000003,
            "p(95)": 1043.3850476000002
        },
        "iterations": {
            "rate": 122.24124601175019,
            "count": 11002
        }
    },
    "root_group": {
        "groups": {},
        "checks": {
                "csrf 200": {
                    "name": "csrf 200",
                    "path": "::csrf 200",
                    "id": "a070d383222dd91075e31e8f0063e68f",
                    "passes": 427,
                    "fails": 4080
                },
                "submit 202": {
                    "name": "submit 202",
                    "path": "::submit 202",
                    "id": "54ebcf286b442af5165b104f2ae6ffa7",
                    "passes": 6922,
                    "fails": 0
                }
            },
        "name": "",
        "path": "",
        "id": "d41d8cd98f00b204e9800998ecf8427e"
    }
}