{
    "root_group": {
        "checks": {
            "csrf 200": {
                "name": "csrf 200",
                "path": "::csrf 200",
                "id": "a070d383222dd91075e31e8f0063e68f",
                "passes": 121,
                "fails": 0
            },
            "submit 202": {
                "name": "submit 202",
                "path": "::submit 202",
                "id": "54ebcf286b442af5165b104f2ae6ffa7",
                "passes": 121,
                "fails": 0
            }
        },
        "name": "",
        "path": "",
        "id": "d41d8cd98f00b204e9800998ecf8427e",
        "groups": {}
    },
    "metrics": {
        "http_req_waiting": {
            "max": 172.553046,
            "p(90)": 15.7568636,
            "p(95)": 21.271755749999997,
            "avg": 9.887256289256202,
            "min": 2.659667,
            "med": 7.7366595
        },
        "data_sent": {
            "count": 62583,
            "rate": 1042.4027318722883
        },
        "iteration_duration": {
            "med": 26.711834,
            "max": 209.71487,
            "p(90)": 50.534216,
            "p(95)": 77.267695,
            "avg": 35.006657438016546,
            "min": 23.201751
        },
        "data_received": {
            "count": 302222,
            "rate": 5033.907585636782
        },
        "http_req_failed": {
            "passes": 0,
            "fails": 242,
            "thresholds": {
                "rate<0.01": false
            },
            "value": 0
        },
        "http_req_blocked": {
            "avg": 0.3945909958677682,
            "min": 0.005897,
            "med": 0.2969115,
            "max": 8.181469,
            "p(90)": 0.6371661000000001,
            "p(95)": 1.3168790999999989
        },
        "http_req_duration{expected_response:true}": {
            "avg": 10.442260702479336,
            "min": 3.085915,
            "med": 8.0995205,
            "max": 173.127495,
            "p(90)": 16.5525527,
            "p(95)": 22.885476449999985
        },
        "vus": {
            "min": 0,
            "max": 0,
            "value": 0
        },
        "http_req_tls_handshaking": {
            "med": 0,
            "max": 0,
            "p(90)": 0,
            "p(95)": 0,
            "avg": 0,
            "min": 0
        },
        "iterations": {
            "count": 121,
            "rate": 2.0154152174959155
        },
        "checks": {
            "passes": 242,
            "fails": 0,
            "value": 1
        },
        "vus_max": {
            "value": 200,
            "min": 200,
            "max": 200
        },
        "http_req_connecting": {
            "med": 0.12248,
            "max": 3.735815,
            "p(90)": 0.4477661,
            "p(95)": 1.0649265999999997,
            "avg": 0.2681439876033058,
            "min": 0
        },
        "http_req_sending": {
            "p(90)": 0.23505160000000003,
            "p(95)": 0.3237676999999998,
            "avg": 0.19910797933884294,
            "min": 0.025899,
            "med": 0.1475685,
            "max": 7.509413
        },
        "http_req_duration": {
            "p(90)": 16.5525527,
            "p(95)": 22.885476449999985,
            "avg": 10.442260702479336,
            "min": 3.085915,
            "med": 8.0995205,
            "max": 173.127495,
            "thresholds": {
                "p(95)<1500": false
            }
        },
        "http_req_receiving": {
            "avg": 0.35589643388429765,
            "min": 0.118028,
            "med": 0.2361095,
            "max": 4.15338,
            "p(90)": 0.3929302,
            "p(95)": 1.0959644499999974
        },
        "http_reqs": {
            "count": 242,
            "rate": 4.030830434991831
        }
    }
}